REEF,HABITAT,SECTOR,SCORE
09-357,C,North,4
09-357,C,North,4
09-357,F,North,4
09-357,F,North,4
09-357,U,North,4
09-366,C,North,3
09-366,L,North,3
09-368,C,North,3
09-368,C,North,3
09-368,L,North,3
09-358a,C,North,4
09-358a,C,North,4
09-358a,U,North,4
09-355,C,North,4
09-355,C,North,4
09-355,C,North,4
09-355,C,North,4
09-355,L,North,4
09-424,C,North,1
09-424,C,North,1
09-424,C,North,2
09-424,L,North,1
09-424,L,North,2
09-424,U,North,0
09-423,C,North,1
09-423,C,North,2
09-423,F,North,1
09-423,L,North,2
09-419a,C,North,4
09-419a,C,North,4
09-419a,C,North,3
09-419a,U,North,4
09-410,C,North,3
09-410,C,North,2
09-394,C,North,4
09-394,C,North,4
09-394,C,North,4
09-394,L,North,4
09-409,C,North,1
09-409,C,North,2
09-378,C,North,4
09-378,C,North,4
09-378,C,North,4
09-378,C,North,4
09-408,C,North,2
09-408,C,North,2
09-372,C,North,4
09-372,C,North,4
09-407,C,North,2
09-376,C,North,3
09-376,C,North,4
09-376,F,North,3
09-376,C,North,4
09-376,C,North,4
09-376,F,North,4
09-376,U,North,4
09-406,C,North,2
09-406,U,North,1
09-411,C,North,2
09-411,C,North,1
09-411,U,North,1
10-598a,C,North,2
10-598a,C,North,2
10-598a,F,North,1
10-598a,U,North,2
10-566a,C,North,2
10-566a,C,North,2
10-567,C,North,2
10-567,C,North,3
10-449,C,North,4
10-449,C,North,4
10-449,F,North,2
10-449,U,North,4
10-449,U,North,4
10-547b,C,North,4
10-547b,C,North,4
10-547b,L,North,4
10-547b,U,North,4
10-456a,C,North,4
10-456a,C,North,4
10-456a,C,North,4
10-456a,F,North,2
10-619,C,North,3
10-619,C,North,1
10-450,C,North,4
10-450,C,North,4
10-450,U,North,4
10-541,C,North,4
10-541,C,North,4
10-541,F,North,4
10-541,U,North,4
10-441,C,North,4
10-441,C,North,3
10-441,C,North,4
10-441,C,North,4
10-624,C,North,0
10-624,C,North,2
10-624,L,North,0
10-572,C,North,2
10-572,C,North,3
10-572,F,North,2
10-572,L,North,2
10-377,C,North,4
10-377,C,North,3
10-377,L,North,3
10-565,C,North,4
10-565,C,North,4
10-565,F,North,4
10-565,L,North,4
10-562,C,North,4
10-562,C,North,3
10-583,C,North,3
10-583,C,North,4
10-583,C,North,4
10-583,C,North,4
10-583,F,North,4
10-458b,C,North,4
10-458b,F,North,4
10-576,C,North,4
10-576,C,North,4
10-576,C,North,4
10-576,C,North,4
10-576,U,North,4
10-458,C,North,4
10-458,F,North,4
10-585,C,North,4
10-585,C,North,4
10-585,C,North,4
10-585,F,North,4
10-585,L,North,4
10-283b,C,North,4
10-283b,F,North,4
10-283b,U,North,4
10-582a,C,North,4
10-582a,C,North,4
10-582a,C,North,4
10-582a,U,North,4
10-575,C,North,4
10-575,C,North,4
10-575,C,North,4
10-575,C,North,4
10-575,C,North,4
10-575,F,North,4
10-302,C,North,4
10-302,C,North,4
10-302,U,North,4
10-503,F,North,1
10-503,F,North,2
10-503,L,North,1
09-380,C,North,2
09-380,C,North,2
09-380,F,North,2
10-303d,C,North,4
10-303d,C,North,4
09-304,C,North,4
09-304,C,North,4
09-304,F,North,4
09-304,U,North,4
09-304,U,North,4
10-347a,C,North,3
10-347a,C,North,4
10-347a,C,North,4
10-347a,F,North,4
10-347a,U,North,4
10-303,C,North,4
10-305,C,North,4
10-305,C,North,4
10-305,C,North,4
10-305,C,North,4
10-305,C,North,4
10-305,C,North,4
10-305,F,North,4
10-305,U,North,4
10-305,U,North,4
10-514,C,North,3
10-514,C,North,3
10-514,F,North,3
10-514,L,North,0
09-306,C,North,4
09-306,U,North,4
10-325,C,North,4
10-325,C,North,4
10-325,C,North,4
10-325,F,North,4
10-326,C,North,4
10-326,C,North,4
10-326,F,North,4
10-326,U,North,4
10-381,C,North,3
10-381,F,North,2
10-381,F,North,2
10-387,C,North,4
10-387,U,North,4
10-350,C,North,4
10-350,C,North,4
10-350,C,North,4
10-350,F,North,4
10-349,C,North,4
10-349,C,North,4
10-349,C,North,4
10-349,F,North,4
10-349,L,North,4
10-327,C,North,4
10-518c,C,North,4
10-518c,C,North,4
10-384,F,North,3
10-323,C,North,4
10-323,C,North,4
10-323,C,North,4
10-521a,C,North,4
10-521a,C,North,4
10-521a,F,North,4
10-318a,C,North,4
10-386,C,North,3
10-386,F,North,1
10-386,L,North,1
10-320,C,North,4
10-351,C,North,4
10-351,C,North,4
10-351,C,North,4
10-351,C,North,4
10-351,C,North,4
10-351,F,North,4
10-351,F,North,4
10-351,U,North,4
10-352,C,North,4
10-352,C,North,4
10-352,C,North,4
10-352,F,North,2
10-390,C,North,1
10-390,F,North,1
10-318c,C,North,4
10-318c,C,North,4
10-353,C,North,4
10-353,C,North,3
10-353,C,North,4
10-353,F,North,3
10-353,U,North,4
10-353,U,North,4
10-391,C,North,3
10-391,F,North,1
10-391,F,North,2
10-355,C,North,4
10-355,C,North,4
10-299,C,North,4
10-299,C,North,4
10-299,C,North,4
10-299,U,North,4
10-399,C,North,2
10-399,C,North,3
10-338,C,North,4
10-338,C,North,4
10-338,C,North,4
10-338,U,North,4
10-402,C,North,3
10-402,C,North,4
10-402,F,North,3
10-402,F,North,3
10-402,F,North,4
10-337,C,North,4
10-337,C,North,4
10-337,C,North,4
10-337,L,North,4
10-337,U,North,4
10-800,C,North,4
10-800,C,North,4
10-800,F,North,4
10-336,C,North,4
10-336,C,North,4
10-336,F,North,4
10-336,F,North,4
10-336,L,North,4
10-335,C,North,4
10-335,C,North,4
10-335,C,North,4
10-335,C,North,4
10-335,F,North,4
10-335,L,North,4
10-335,U,North,4
10-406,C,North,3
10-406,C,North,4
10-406,F,North,3
10-406,F,North,3
10-406,F,North,4
10-412,C,North,3
10-412,C,North,4
10-412,C,North,0
10-412,F,North,1
10-412,F,North,1
10-412,F,North,3
10-412,L,North,0
10-341,C,North,4
10-341,C,North,4
10-341,F,North,4
10-341,U,North,4
10-414,C,North,4
10-414,F,North,1
10-414,F,North,3
10-414,L,North,0
10-426,C,North,0
10-426,C,North,1
10-426,L,North,1
10-416b,C,North,4
10-416b,F,North,1
10-416b,F,North,4
10-418a,C,North,1
10-418a,C,North,4
10-418a,C,North,4
10-418a,F,North,1
10-418a,F,North,2
11-001,C,North,4
11-001,C,North,4
11-001,C,North,4
11-001,U,North,4
11-001,U,North,4
10-419a,C,North,2
10-419a,C,North,3
10-419a,L,North,3
10-420,C,North,2
11-113,C,North,0
11-113,F,North,0
11-113,L,North,0
11-114,C,North,1
11-114,L,North,1
11-115,C,North,4
11-115,F,North,2
11-115,F,North,3
11-115,L,North,1
11-116,C,North,3
11-116,F,North,4
11-116,F,North,3
11-025,C,North,4
11-025,U,North,4
11-025,U,North,4
11-117,C,North,2
11-117,C,North,2
11-117,C,North,4
11-117,C,North,2
11-117,C,North,3
11-026,C,North,4
11-026,C,North,4
11-026,U,North,4
11-118a,C,North,1
11-118a,C,North,1
11-118a,L,North,1
11-119,C,North,4
11-119,C,North,4
11-119,C,North,4
11-119,F,North,2
11-119,F,North,2
11-119,L,North,1
11-035,C,North,4
11-035,C,North,4
11-035,C,North,4
11-035,F,North,4
11-120,C,North,2
11-120,C,North,4
11-120,C,North,4
11-120,F,North,2
11-120,L,North,3
11-123,C,North,2
11-123,C,North,2
11-038,C,North,4
11-038,C,North,4
11-038,C,North,4
11-038,F,North,4
11-125,C,North,1
11-125,C,North,3
11-125,C,North,3
11-125,C,North,4
11-125,C,North,4
11-125,C,North,4
11-125,C,North,4
11-125,C,North,4
11-125,F,North,2
11-125,F,North,1
11-125,F,North,4
11-125,F,North,4
11-125,L,North,1
11-125,U,North,4
11-125,U,North,4
11-127b,C,North,1
11-127b,L,North,1
11-129,C,North,1
11-129,C,North,2
11-129,L,North,1
11-128,C,North,0
11-128,L,North,1
11-073,C,North,3
11-073,L,North,2
11-072,C,North,2
11-072,F,North,4
11-074,C,North,3
11-074,F,North,4
11-074,F,North,3
11-075,C,North,1
11-075,C,North,2
11-075,F,North,2
11-075,L,North,3
11-076,C,North,2
11-076,F,North,1
11-077,C,North,1
11-077,C,North,1
11-077,F,North,2
11-077,F,North,2
11-077,U,North,3
11-081,C,North,1
11-081,C,North,2
11-081,F,North,2
11-081,L,North,1
11-082,C,North,2
11-082,C,North,2
11-082,F,North,2
11-082,L,North,1
11-087b,C,North,3
11-087b,F,North,1
11-053,C,North,4
11-053,C,North,4
11-053,C,North,4
11-053,C,North,4
11-053,U,North,4
11-052,C,North,4
11-052,C,North,4
11-052,F,North,4
11-052,U,North,4
11-089b,C,North,2
11-089b,C,North,2
11-089b,F,North,3
11-091,C,North,2
11-091,C,North,3
11-091,F,North,2
11-094,C,North,2
11-094,F,North,3
11-055,C,North,4
11-055,C,North,4
11-055,C,North,4
11-055,L,North,4
11-055,U,North,4
11-055,U,North,4
11-102,C,North,1
11-102,C,North,1
11-102,C,North,2
11-102,F,North,1
11-109b,C,North,1
11-109b,C,North,1
11-109b,F,North,1
11-061,C,North,4
11-061,C,North,4
11-061,C,North,4
11-110,C,North,0
11-110,C,North,0
11-109a,C,North,0
11-109a,C,North,0
11-109a,F,North,0
11-109a,F,North,1
11-109a,L,North,0
11-062,C,North,4
11-062,C,North,4
11-062,U,North,4
11-197,C,North,0
11-197,C,North,1
11-202,C,North,1
11-202,F,North,1
11-202,U,North,2
11-201,C,North,0
11-201,C,North,0
11-201,F,North,0
11-156,C,North,4
11-156,F,North,4
11-156,L,North,3
11-156,U,North,4
11-156,U,North,4
11-204,C,North,1
11-204,F,North,1
11-208a,C,North,2
11-210a,C,North,1
11-210a,F,North,1
11-134,C,North,4
11-134,C,North,4
11-134,C,North,4
11-134,C,North,4
11-212,C,North,2
11-212,C,North,2
11-161,C,North,4
11-161,C,North,4
11-161,F,North,4
11-136,C,North,4
11-136,C,North,4
11-136,C,North,4
11-136,C,North,4
11-136,C,North,4
11-137,C,North,4
11-137,C,North,4
11-137,C,North,4
11-137,U,North,4
11-138,F,North,4
11-138,L,North,4
11-138,U,North,4
11-139,C,North,4
11-139,C,North,4
11-139,F,North,4
11-139,U,North,4
11-139,U,North,4
11-140,C,North,4
11-140,C,North,4
11-140,C,North,4
11-140,F,North,4
11-222a,F,North,3
11-222a,F,North,3
11-223,C,North,0
11-223,C,North,3
11-223,F,North,3
11-141,C,North,4
11-141,C,North,4
11-141,F,North,4
11-141,L,North,4
11-143,C,North,4
11-143,C,North,4
11-143,F,North,4
11-143,U,North,4
11-142,C,North,4
11-142,C,North,4
11-142,F,North,4
11-142,F,North,4
11-142,U,North,4
11-142,U,North,4
11-244c,C,North,3
11-244c,F,North,1
11-244c,F,North,3
11-244c,L,North,2
11-244c,U,North,1
11-225,C,North,2
11-225,C,North,3
11-225,F,North,3
11-228,C,North,4
11-228,C,North,4
11-228,C,North,3
11-228,C,North,4
11-228,F,North,4
11-147,C,North,4
11-147,F,North,4
11-147,L,North,4
11-173,C,North,4
11-173,C,North,4
11-173,C,North,4
11-173,F,North,4
11-173,F,North,4
11-173,F,North,4
11-173,U,North,4
11-229a,C,North,2
11-229a,C,North,3
11-229a,C,North,3
11-229a,C,North,4
11-229a,F,North,2
11-150,C,North,4
11-150,F,North,4
11-229b,C,North,3
11-229b,F,North,3
11-231,L,North,1
11-151,C,North,4
11-151,F,North,4
11-151,U,North,4
11-232,C,North,1
11-232,C,North,1
11-232,F,North,1
11-237a,C,North,2
11-236,C,North,0
11-236,C,North,1
11-236,U,North,2
11-184c,C,North,4
11-184c,U,North,4
11-238,C,North,1
11-238,C,North,4
11-238,C,North,2
11-238,C,North,3
11-238,F,North,4
11-181,C,North,4
11-181,C,North,4
11-184a,C,North,4
11-184a,C,North,4
11-184a,F,North,4
11-184b,C,North,4
11-239,C,North,2
11-239,C,North,3
11-239,C,North,3
11-239,F,North,3
11-239,F,North,4
11-190a,C,North,4
11-190a,F,North,4
11-190a,U,North,4
11-188,C,North,4
11-188,C,North,4
11-187,C,North,4
11-189,C,North,4
11-189,C,North,4
11-189,U,North,4
11-189,U,North,4
11-190b,C,North,4
11-190b,F,North,4
11-241,C,North,3
11-241,C,North,1
11-241,C,North,1
11-241,F,North,3
11-241,F,North,4
11-241,F,North,4
11-191,C,North,4
11-191,C,North,4
11-191,C,North,4
11-194,C,North,4
11-194,C,North,4
11-194,C,North,4
12-031,C,North,3
12-031,C,North,4
12-031,C,North,4
12-031,C,North,1
12-031,F,North,4
12-032,C,North,3
12-032,C,North,3
12-032,F,North,4
12-001,C,North,4
12-001,C,North,4
12-001,L,North,3
12-001,U,North,4
12-001,U,North,4
12-033,C,North,1
12-033,C,North,1
12-033,L,North,0
12-034,C,North,0
12-034,C,North,1
12-034,C,North,0
12-034,C,North,1
12-034,C,North,2
12-034,L,North,1
12-036,C,North,0
12-036,C,North,1
12-036,C,North,1
12-036,F,North,1
12-036,L,North,1
12-035,C,North,2
12-035,L,North,2
12-035,U,North,2
12-039,C,North,2
12-039,C,North,1
12-039,F,North,1
12-038a,C,North,2
12-038a,C,North,3
12-038a,L,North,3
12-038c,C,North,1
12-038c,F,North,1
12-038c,U,North,3
12-037,C,North,3
12-037,C,North,4
12-037,C,North,4
12-037,C,North,3
12-037,C,North,2
12-037,F,North,4
12-037,F,North,1
12-040,C,North,1
12-040,C,North,2
12-040,C,North,2
12-040,F,North,1
12-040,F,North,3
12-042,C,North,2
12-004,C,North,4
12-004,C,North,3
12-004,C,North,4
12-004,U,North,4
12-003a,C,North,4
12-003a,F,North,4
12-003a,U,North,4
12-043a,C,North,2
12-043a,C,North,3
12-043a,C,North,3
12-043a,L,North,2
12-043a,L,North,3
12-006,C,North,4
12-006,C,North,4
12-006,C,North,4
12-007,C,North,4
12-007,C,North,4
12-007,C,North,4
12-007,F,North,4
12-043b,C,North,2
12-043b,C,North,3
12-043b,F,North,2
12-043b,F,North,2
12-043b,F,North,3
12-043b,L,North,2
12-046,C,North,3
12-046,C,North,2
12-046,L,North,2
12-048,C,North,2
12-048,C,North,3
12-048,L,North,2
12-051,C,North,2
12-051,C,North,2
12-051,C,North,3
12-051,L,North,2
12-053,C,North,2
12-053,C,North,3
12-053,F,North,3
12-010,C,North,4
12-010,C,North,4
12-010,C,North,4
12-010,U,North,4
12-010,U,North,4
12-010,U,North,4
12-011,C,North,4
12-011,C,North,4
12-011,F,North,4
12-011,U,North,4
12-013,C,North,4
12-013,C,North,4
12-013,C,North,4
12-013,U,North,4
12-012,C,North,4
12-012,C,North,4
12-012,U,North,4
12-014,C,North,4
12-014,C,North,4
12-014,C,North,4
12-014,F,North,4
12-014,U,North,4
12-014,U,North,4
12-056,C,North,1
12-056,C,North,4
12-056,C,North,4
12-056,C,North,4
12-056,C,North,4
12-056,C,North,4
12-056,C,North,2
12-056,F,North,3
12-056,F,North,2
12-056,F,North,4
12-056,F,North,4
12-056,L,North,2
12-016b,C,North,4
12-016b,C,North,4
12-016b,F,North,4
12-018,C,North,4
12-018,C,North,4
12-018,C,North,4
12-018,F,North,4
12-016a,F,North,4
12-016a,U,North,4
12-058,C,North,2
12-058,C,North,4
12-058,C,North,4
12-058,F,North,3
12-058,L,North,2
12-022,C,North,4
12-022,C,North,4
12-022,C,North,4
12-022,C,North,4
12-022,C,North,4
12-022,U,North,4
12-059,C,North,3
12-059,C,North,4
12-059,C,North,3
12-059,L,North,1
12-059,L,North,3
12-061,F,North,2
12-068,C,North,3
12-068,C,North,3
12-068,C,North,3
12-068,C,North,4
12-068,F,North,3
12-068,L,North,3
12-069,C,North,2
12-069,C,North,2
12-069,F,North,3
12-069,F,North,3
12-069,L,North,2
12-027a,C,North,4
12-027a,C,North,4
12-027a,C,North,4
12-027a,F,North,4
12-027a,F,North,4
12-027a,L,North,4
12-027a,L,North,4
12-027a,U,North,4
12-070,C,North,2
12-070,C,North,2
12-071,C,North,3
12-071,F,North,2
12-071,F,North,1
12-071,L,North,1
12-094,C,North,2
12-094,C,North,2
12-094,C,North,4
12-094,C,North,1
12-094,C,North,2
12-094,F,North,3
12-094,F,North,3
12-094,F,North,2
12-094,F,North,3
12-094,F,North,3
12-075,C,North,4
12-075,F,North,4
12-096,C,North,4
12-102,C,North,4
12-102,C,North,4
12-102,C,North,4
12-102,L,North,4
12-098,C,North,3
12-098,F,North,3
12-098,U,North,2
12-076,C,North,4
12-076,C,North,4
12-076,C,North,4
12-076,C,North,4
12-076,C,North,4
12-076,C,North,4
12-076,U,North,4
12-101,C,North,2
12-101,C,North,3
12-101,C,North,3
12-101,C,North,4
12-101,F,North,3
12-101,F,North,2
12-101,L,North,1
12-077,C,North,4
12-077,U,North,4
12-100,C,North,4
12-100,F,North,4
12-078,C,North,4
12-078,C,North,4
12-105,C,North,4
12-105,C,North,4
12-105,C,North,4
12-105,C,North,4
12-105,F,North,4
12-104,C,North,4
12-104,C,North,4
12-104,F,North,4
12-104,L,North,1
12-107,C,North,3
12-107,C,North,4
12-107,C,North,4
12-107,F,North,3
12-107,F,North,4
12-107,L,North,2
12-112,C,North,4
12-112,C,North,4
12-112,C,North,4
12-110,C,North,3
12-110,C,North,4
12-111,C,North,3
12-111,C,North,4
12-111,C,North,4
12-114,C,North,4
12-114,F,North,3
12-114,L,North,3
12-115,C,North,4
12-115,C,North,4
12-115,C,North,4
12-115,L,North,4
12-116,C,North,1
12-116,C,North,4
12-116,C,North,3
12-116,C,North,4
12-116,L,North,2
12-116,L,North,3
12-119,C,North,4
12-119,C,North,4
12-118,C,North,2
12-118,C,North,3
12-118,C,North,3
12-118,C,North,4
12-118,C,North,4
12-118,C,North,4
12-118,F,North,3
12-118,F,North,3
12-118,L,North,2
12-118,L,North,2
12-118,L,North,3
12-118,L,North,2
12-118,L,North,3
12-118,L,North,3
12-129,C,North,4
12-129,C,North,4
12-129,C,North,4
12-127,C,North,2
12-127,C,North,3
12-127,C,North,4
12-127,C,North,4
12-127,C,North,4
12-127,C,North,4
12-127,F,North,4
12-127,L,North,4
12-127,L,North,2
12-127,L,North,2
12-127,L,North,2
12-127,L,North,3
12-127,U,North,4
12-131,C,North,4
12-131,F,North,4
12-134,C,North,3
12-134,C,North,4
12-134,C,North,3
12-134,C,North,4
12-134,F,North,3
12-134,F,North,3
12-134,F,North,4
12-134,L,North,3
12-134,L,North,3
12-134,L,North,2
12-137,C,North,3
12-137,C,North,4
12-137,C,North,3
12-137,C,North,4
12-137,C,North,3
12-137,C,North,3
12-137,L,North,3
12-145,C,North,4
12-145,C,North,4
12-145,C,North,4
12-145,U,North,4
12-143,C,North,2
12-143,C,North,3
12-143,C,North,3
12-143,C,North,2
12-143,C,North,3
12-143,C,North,3
12-143,L,North,3
12-143,L,North,2
12-143,L,North,3
13-002,C,North,3
13-002,C,North,2
13-002,C,North,3
13-007,C,North,4
13-007,F,North,4
13-005,C,North,2
13-005,C,North,3
13-005,C,North,3
13-005,C,North,2
13-005,L,North,3
13-006,C,North,4
13-006,C,North,3
13-006,L,North,4
13-006,L,North,4
13-012,C,North,4
13-012,C,North,4
13-012,C,North,4
13-014,L,North,4
13-014,L,North,4
13-019,C,North,4
13-019,C,North,4
13-019,C,North,4
13-019,C,North,4
13-019,F,North,4
13-019,F,North,4
13-022,C,North,4
13-022,C,North,4
13-022,L,North,4
13-028,C,North,4
13-028,C,North,4
13-028,C,North,4
13-028,C,North,4
13-028,C,North,4
13-028,C,North,4
13-028,C,North,4
13-028,L,North,2
13-028,L,North,3
13-028,L,North,3
13-028,L,North,3
13-028,L,North,2
13-028,L,North,2
13-028,L,North,3
13-028,L,North,3
13-029,C,North,4
13-029,F,North,4
13-031,C,North,4
13-031,C,North,4
13-031,C,North,4
13-032,L,North,4
13-034,C,North,4
13-034,C,North,4
13-040,C,North,3
13-040,C,North,4
13-040,C,North,4
13-040,C,North,4
13-040,L,North,2
13-040,L,North,4
13-045,C,North,4
13-045,C,North,4
13-045,C,North,4
13-041,C,North,4
13-041,C,North,4
13-041,L,North,3
13-050a,C,North,3
13-050a,C,North,3
13-050a,C,North,3
13-050a,F,North,4
13-050a,F,North,3
13-050a,L,North,1
13-050a,L,North,2
13-055,F,North,4
13-055,L,North,4
13-056,C,North,4
13-056,C,North,4
13-056,C,North,4
13-056,C,North,4
13-056,L,North,4
13-061a,C,North,3
13-061a,C,North,3
13-061a,C,North,3
13-061a,L,North,2
13-061a,L,North,2
13-060,C,North,3
13-060,F,North,4
13-060,F,North,4
13-063,C,North,4
13-063,F,North,3
13-063,L,North,3
13-061b,C,North,2
13-061b,C,North,4
13-069,C,North,4
13-074,C,North,3
13-074,C,North,3
13-074,C,North,3
13-074,C,North,4
13-074,C,North,4
13-074,L,North,4
13-072,C,North,4
13-072,C,North,4
13-072,C,North,4
13-072,C,North,4
13-076,C,North,3
13-076,C,North,3
13-076,L,North,4
13-116,C,North,3
13-116,C,North,3
13-116,C,North,4
13-116,C,North,4
13-116,C,North,3
13-116,C,North,4
13-116,L,North,3
13-116,L,North,3
13-116,L,North,2
13-116,L,North,3
13-075,C,North,4
13-077,C,North,3
13-077,L,North,3
13-077,L,North,3
13-117b,C,North,4
13-117b,C,North,4
13-117b,L,North,3
13-117b,L,North,4
13-079c,C,North,2
13-079c,C,North,2
13-079c,L,North,2
13-118a,C,North,3
13-118a,C,North,4
13-118a,C,North,4
13-118a,L,North,2
13-118a,L,North,3
13-078,C,North,3
13-078,L,North,3
13-081,C,North,4
13-081,C,North,4
13-081,C,North,4
13-081,C,North,4
13-083,C,North,4
13-083,C,North,4
13-083,C,North,4
13-083,U,North,4
13-119,C,North,4
13-119,C,North,4
13-119,C,North,4
13-120,C,North,4
13-120,C,North,4
13-120,C,North,3
13-120,C,North,4
13-120,F,North,4
13-120,L,North,4
13-120,L,North,4
13-088,C,North,3
13-088,C,North,3
13-088,L,North,3
13-087,C,North,3
13-087,C,North,3
13-093b,C,North,2
13-093b,C,North,2
13-093c,L,North,2
13-093c,L,North,3
13-091,C,North,4
13-091,C,North,3
13-091,C,North,3
13-121,C,North,3
13-121,C,North,4
13-121,C,North,4
13-121,L,North,3
13-121,L,North,2
13-122,C,North,3
13-122,C,North,3
13-122,C,North,3
13-097,C,North,4
13-097,C,North,4
13-097,C,North,4
13-097,U,North,4
13-097,U,North,4
13-097,U,North,4
13-125,C,North,4
13-125,C,North,4
13-125,C,North,4
13-125,C,North,4
13-125,C,North,4
13-125,L,North,3
13-125,L,North,4
13-125,L,North,3
13-125,L,North,3
13-125,L,North,4
13-125,L,North,4
13-108,C,North,3
13-108,C,North,2
13-108,L,North,2
13-108,L,North,2
13-108,L,North,3
13-127,C,North,4
13-127,C,North,4
13-127,C,North,4
13-127,L,North,4
13-111,C,North,4
13-111,C,North,4
13-111,F,North,4
13-111,U,North,4
13-129,C,North,4
13-129,C,North,4
13-129,C,North,4
13-129,C,North,4
13-129,L,North,4
13-131,C,North,3
13-131,C,North,4
13-131,C,North,2
13-130,C,North,2
13-130,C,North,4
13-130,C,North,2
13-130,L,North,2
14-016,C,North,4
14-016,C,North,4
14-016,U,North,4
13-133,C,North,3
13-133,C,North,3
13-133,C,North,4
13-133,C,North,2
13-133,L,North,4
14-003,C,North,2
14-003,U,North,4
14-006,C,North,4
14-006,C,North,4
14-034,C,North,2
14-034,C,North,3
14-034,C,North,4
14-034,C,North,4
14-034,C,North,3
14-034,C,North,3
14-034,F,North,4
14-034,F,North,4
14-034,L,North,4
14-034,L,North,4
14-034,L,North,4
14-034,L,North,4
14-034,L,North,4
14-017,C,North,4
14-017,C,North,4
14-017,C,North,3
14-017,L,North,4
14-008,C,North,4
14-008,C,North,4
14-008,C,North,4
14-008,C,North,4
14-038,C,North,4
14-038,C,North,4
14-022,C,North,4
14-022,C,North,4
14-022,C,North,4
14-022,C,North,3
14-022,C,North,4
14-026a,C,North,4
14-026a,C,North,4
14-026a,C,North,4
14-026b,C,North,4
14-039,C,North,3
14-039,C,North,3
14-039,C,North,2
14-039,C,North,3
14-042a,C,North,4
14-028,L,North,4
14-045,C,North,4
14-045,C,North,3
14-045,C,North,4
14-029,C,North,4
14-029,C,North,4
14-029,F,North,4
14-047,C,North,3
14-047,C,North,4
14-047,C,North,3
14-047,F,North,4
14-047,L,North,3
14-012,C,North,4
14-032,C,North,4
14-013,C,North,4
14-049,C,North,4
14-049,F,North,4
14-073,C,North,3
14-073,C,North,4
14-073,L,North,4
14-051,C,North,3
14-051,C,North,3
14-051,L,North,3
14-051,L,North,3
14-051,L,North,3
14-033a,C,North,4
14-033a,F,North,4
14-074,C,North,3
14-074,C,North,3
14-074,C,North,4
14-074,C,North,3
14-074,F,North,4
14-074,F,North,3
14-074,L,North,4
14-074,L,North,3
14-075,C,North,4
14-075,C,North,4
14-075,C,North,4
14-075,C,North,3
14-075,F,North,4
14-075,L,North,3
14-052,C,North,4
14-053,C,North,3
14-053,C,North,3
14-053,C,North,3
14-053,C,North,3
14-053,C,North,4
14-077a,C,North,4
14-077a,C,North,4
14-077a,C,North,4
14-077a,F,North,4
14-077a,F,North,4
14-055,C,North,4
14-055,C,North,4
14-055,C,North,4
14-055,C,North,4
14-055,C,North,4
14-078,C,North,4
14-078,C,North,4
14-078,F,North,4
14-061,C,North,2
14-061,C,North,3
14-061,C,North,4
14-061,C,North,4
14-061,C,North,4
14-061,C,North,4
14-079,C,North,4
14-079,C,North,4
14-079,C,North,4
14-079,F,North,4
14-079,L,North,2
14-063,C,North,4
14-063,C,North,4
14-063,C,North,2
14-063,C,North,3
14-063,L,North,3
14-063,L,North,3
14-063,L,North,4
14-082,C,North,2
14-082,C,North,3
14-082,L,North,3
14-082,L,North,3
14-064,C,North,4
14-064,C,North,4
14-065,C,North,4
14-065,C,North,4
14-085,C,North,4
14-085,C,North,3
14-085,L,North,3
14-086,C,North,2
14-086,C,North,3
14-086,C,North,3
14-086,C,North,4
14-086,L,North,4
14-086,L,North,4
14-088,C,North,3
14-088,C,North,4
14-088,C,North,3
14-088,C,North,4
14-088,L,North,4
14-088,L,North,4
14-066,C,North,4
14-066,C,North,4
14-068,C,North,4
14-068,C,North,4
14-071a,C,North,4
14-071a,F,North,4
14-070,C,North,4
14-070,C,North,4
14-070,C,North,4
14-072,C,North,3
14-072,C,North,4
14-072,C,North,4
14-089,C,North,3
14-089,C,North,4
14-089,C,North,3
14-089,C,North,4
14-089,F,North,4
14-089,F,North,4
14-089,L,North,3
14-091,C,North,4
14-091,C,North,4
14-091,F,North,4
14-090,C,North,4
14-090,C,North,3
14-090,C,North,4
14-093,C,North,4
14-093,C,North,4
14-094,C,North,4
14-094,C,North,4
14-094,C,North,4
14-096,F,North,4
14-097,C,North,4
14-097,C,North,4
14-137,C,North,2
14-137,C,North,4
14-137,C,North,4
14-137,F,North,2
14-137,F,North,4
14-137,F,North,4
14-137,L,North,4
14-099,C,North,4
14-099,F,North,4
14-099,U,North,4
14-101,C,North,4
14-101,F,North,4
14-102,C,North,4
14-102,C,North,4
14-103,C,North,4
14-138,C,North,4
14-138,C,North,3
14-138,F,North,3
14-138,L,North,4
14-104,C,North,4
14-104,C,North,4
14-104,F,North,4
14-139,C,North,4
14-139,C,North,3
14-139,C,North,4
14-139,F,North,3
14-139,F,North,3
14-116b,C,North,2
14-116a,C,North,3
14-140,C,North,4
14-140,C,North,4
14-116c,C,North,3
14-106,C,North,4
14-106,C,North,4
14-116d,C,North,3
14-116d,C,North,3
14-116d,L,North,4
14-116d,L,North,3
14-120d,C,North,4
14-120d,C,North,4
14-122a,C,North,4
14-122a,C,North,4
14-143,C,North,2
14-143,C,North,2
14-123,C,North,4
14-126,C,North,4
14-147b,C,North,3
14-147a,C,North,2
14-146,C,North,4
14-146,C,North,4
14-146,C,North,4
14-146,C,North,4
14-146,F,North,3
14-146,F,North,4
14-146,F,North,4
14-132a,C,North,4
14-132b,C,North,3
14-132b,C,North,2
14-132b,C,North,3
14-132b,C,North,4
14-132b,L,North,2
14-150,C,North,4
14-150,C,North,4
14-150,U,North,4
14-133,C,North,1
14-133,C,North,3
14-133,C,North,4
14-133,C,North,3
14-135,C,North,3
14-135,C,North,3
14-135,C,North,4
14-135,C,North,4
14-135,C,North,2
14-135,C,North,4
14-135,L,North,3
14-135,L,North,3
14-154,C,North,4
14-154,C,North,4
14-154,C,North,3
14-154,F,North,2
14-154,F,North,3
15-002,C,North,4
15-002,C,North,3
15-017a,C,North,4
15-017a,F,North,3
15-018,C,North,2
15-018,C,North,2
15-018,C,North,3
15-019,C,North,4
15-019,C,North,4
15-019,C,North,4
15-021a,C,North,4
15-021a,C,North,4
15-021a,C,North,4
15-022,C,North,4
15-022,C,North,4
15-022,L,North,4
15-005,C,North,2
15-005,C,North,2
15-005,C,North,4
15-006,C,North,4
15-006,C,North,4
15-006,U,North,4
15-024,C,North,4
15-024,C,North,4
15-024,L,North,3
15-024,L,North,4
15-008,C,North,4
15-009,C,North,3
15-009,C,North,4
15-009,L,North,3
15-026,C,North,3
15-026,C,North,4
15-026,C,North,4
15-026,C,North,4
15-026,C,North,2
15-026,F,North,3
15-028,C,North,3
15-028,C,North,4
15-028,L,North,4
15-028,L,North,3
15-032,C,North,4
15-032,C,North,4
15-032,F,North,4
15-033,C,North,4
15-033,C,North,4
15-033,L,North,4
15-034,C,North,4
15-034,L,North,3
15-039,C,North,3
15-039,C,North,4
15-039,F,North,4
15-039,L,North,4
15-039,L,North,4
15-038,C,North,4
15-038,C,North,4
15-038,F,North,2
15-012,C,North,4
15-012,F,North,2
15-012,U,North,4
15-043,C,North,4
15-043,C,North,4
15-043,C,North,4
15-043,C,North,4
15-043,F,North,4
15-043,L,North,4
15-046,C,North,4
15-046,F,North,3
15-046,L,North,4
15-013,C,North,4
15-013,C,North,4
15-013,C,North,4
15-013,F,North,4
15-013,U,North,4
15-049,C,North,2
15-049,C,North,3
15-049,C,North,3
15-049,C,North,3
15-050,C,North,4
15-050,C,North,4
15-050,L,North,3
15-071a,C,North,3
15-071a,C,North,4
15-052,C,North,4
15-052,C,North,4
15-078,C,North,4
15-078,L,North,3
15-078,L,North,3
15-078,L,North,3
15-078,L,North,3
15-078,L,North,4
15-075a,C,North,3
15-075a,F,North,4
15-075a,F,North,3
15-080,F,North,3
15-080,L,North,3
15-085,C,North,4
15-085,C,North,3
15-085,F,North,4
15-086,C,North,4
15-086,C,North,4
15-086,C,North,4
15-086,C,North,4
15-086,U,North,4
15-063,C,North,4
15-063,L,North,4
15-087,C,North,3
15-087,C,North,4
15-087,F,North,4
15-065,C,North,4
15-065,C,North,4
15-064,C,North,4
15-064,C,North,4
15-064,C,North,4
15-088,C,North,4
15-088,F,North,4
15-089,C,North,3
15-089,C,North,4
15-089,C,North,3
15-089,C,North,4
15-090,C,North,4
15-090,F,North,4
15-092,C,North,4
15-092,F,North,4
15-092,L,North,3
15-093,C,North,3
15-093,C,North,3
15-093,C,North,4
15-093,C,North,4
15-093,C,North,3
15-094,C,North,4
15-094,F,North,4
15-095,C,North,4
15-095,C,North,4
15-095,L,North,4
15-066,C,North,2
15-096,C,North,3
15-096,C,North,4
15-098,C,North,4
15-098,C,North,4
15-098,C,North,4
15-099a,C,North,3
15-099a,F,North,4
15-099a,L,North,3
15-099d,C,Central,4
15-099d,C,Central,3
15-099d,U,Central,3
16-015,C,Central,4
16-015,C,Central,4
16-015,C,Central,4
16-015,C,Central,4
16-015,C,Central,2
16-019,C,Central,3
16-019,C,Central,4
16-020a,C,Central,3
16-020a,C,Central,3
16-020a,C,Central,3
16-020a,C,Central,3
16-020a,C,Central,4
16-020a,C,Central,4
16-020a,L,Central,3
16-020a,L,Central,3
16-023,C,Central,4
16-023,C,Central,4
16-023,C,Central,4
16-023,F,Central,4
16-023,L,Central,4
16-025,C,Central,4
16-025,C,Central,3
16-026,C,Central,4
16-026,F,Central,2
16-026,L,Central,4
16-029,C,Central,3
16-029,C,Central,4
16-029,C,Central,3
16-029,U,Central,3
16-030,C,Central,3
16-030,F,Central,3
16-032,C,Central,4
16-057,C,Central,4
16-057,F,Central,3
16-040,C,Central,3
16-040,C,Central,4
16-040,C,Central,4
16-060,C,Central,4
16-043a,C,Central,4
16-043a,C,Central,4
16-043a,L,Central,4
16-046,C,Central,2
16-046,C,Central,2
16-046,C,Central,3
16-046,L,Central,4
16-049,C,Central,1
16-049,F,Central,2
16-068,C,Central,3
16-068,C,Central,3
16-068,C,Central,4
16-068,C,Central,4
16-068,F,Central,4
16-071,C,Central,4
16-071,C,Central,4
16-071,C,Central,4
16-071,F,Central,3
16-071,U,Central,4
16-073,C,Central,3
16-073,C,Central,3
16-073,F,Central,3
16-073,L,Central,3
16-073,U,Central,3
16-054b,C,Central,3
16-054c,C,Central,2
17-001a,C,Central,2
17-001a,C,Central,2
17-001a,C,Central,3
17-001a,C,Central,4
17-001a,C,Central,4
17-001a,C,Central,2
17-001a,F,Central,1
17-001a,F,Central,2
17-001a,F,Central,3
17-001a,F,Central,3
17-001a,L,Central,2
17-001a,L,Central,2
17-001a,L,Central,3
17-001a,L,Central,2
17-001a,U,Central,2
17-004,C,Central,3
17-004,C,Central,3
17-004,C,Central,3
17-004,F,Central,2
17-006,C,Central,3
17-006,C,Central,3
17-006,C,Central,3
17-006,L,Central,2
17-005,C,Central,3
17-005,C,Central,4
17-005,F,Central,3
17-005,L,Central,2
17-005,U,Central,3
17-008,C,Central,3
17-008,C,Central,3
17-008,C,Central,4
17-008,C,Central,4
17-008,C,Central,4
17-008,F,Central,3
17-008,F,Central,3
17-008,L,Central,3
17-010,C,Central,1
17-010,C,Central,2
17-010,F,Central,1
17-010,U,Central,1
17-010,U,Central,2
17-011,C,Central,3
17-011,C,Central,3
17-011,U,Central,3
17-014,C,Central,4
17-014,C,Central,4
17-014,C,Central,3
17-014,C,Central,4
17-014,F,Central,3
17-014,F,Central,3
17-014,L,Central,4
17-014,U,Central,4
17-016a,C,Central,2
17-016a,C,Central,3
17-016a,C,Central,3
17-016a,C,Central,3
17-016a,F,Central,3
17-016a,L,Central,3
17-016a,L,Central,3
17-017,C,Central,2
17-017,C,Central,3
17-017,C,Central,3
17-017,L,Central,1
17-017,L,Central,2
17-017,L,Central,3
17-017,L,Central,0
17-018a,C,Central,2
17-018a,C,Central,2
17-018a,C,Central,2
17-018a,C,Central,3
17-018a,F,Central,2
17-018a,L,Central,1
17-018a,L,Central,1
17-018a,L,Central,1
17-018a,L,Central,2
17-018a,L,Central,2
17-018a,L,Central,2
17-018a,L,Central,2
17-018a,L,Central,2
17-018a,L,Central,2
17-018a,L,Central,3
17-018a,L,Central,3
17-023,C,Central,2
17-023,C,Central,3
17-023,C,Central,3
17-023,F,Central,3
17-023,L,Central,2
17-024,C,Central,2
17-024,C,Central,2
17-024,C,Central,3
17-024,C,Central,2
17-024,F,Central,1
17-024,U,Central,3
17-024,U,Central,3
17-035,C,Central,3
17-035,C,Central,4
17-035,F,Central,4
17-035,L,Central,2
17-034,C,Central,2
17-034,C,Central,3
17-034,C,Central,2
17-034,U,Central,3
17-057,C,Central,3
17-057,C,Central,4
17-057,C,Central,4
17-057,C,Central,3
17-057,F,Central,3
17-057,U,Central,4
17-037,C,Central,2
17-037,C,Central,3
17-037,C,Central,3
17-037,C,Central,3
17-037,C,Central,2
17-037,L,Central,2
17-037,L,Central,2
17-037,L,Central,2
17-042,C,Central,2
17-042,C,Central,3
17-042,F,Central,3
17-042,F,Central,2
17-042,L,Central,2
17-042,L,Central,1
17-042,U,Central,3
17-059a,C,Central,3
17-059a,C,Central,3
17-059a,C,Central,3
17-059a,C,Central,4
17-059a,C,Central,4
17-059a,F,Central,3
17-059a,L,Central,3
17-059a,L,Central,2
17-059a,L,Central,3
17-044,C,Central,2
17-044,C,Central,2
17-044,C,Central,2
17-044,C,Central,2
17-044,C,Central,2
17-044,C,Central,2
17-047,C,Central,2
17-047,C,Central,2
17-047,L,Central,2
17-047,L,Central,2
17-047,U,Central,4
17-062,C,Central,3
17-062,C,Central,3
17-062,C,Central,4
17-062,C,Central,4
17-062,C,Central,3
17-062,F,Central,3
17-062,L,Central,3
17-062,U,Central,4
17-063a,C,Central,2
17-063a,C,Central,2
17-063a,L,Central,2
17-063a,L,Central,2
17-064,C,Central,2
17-064,C,Central,2
17-064,C,Central,3
17-064,L,Central,1
17-064,L,Central,3
17-064,L,Central,2
17-051,C,Central,3
17-051,C,Central,2
17-065,C,Central,4
17-065,C,Central,4
17-065,C,Central,4
17-065,F,Central,4
17-065,L,Central,4
17-066,C,Central,3
17-066,C,Central,3
17-066,C,Central,3
17-066,C,Central,3
17-066,L,Central,2
17-066,L,Central,1
17-066,U,Central,3
17-066,U,Central,3
17-068,C,Central,3
17-068,C,Central,3
17-068,C,Central,3
17-068,L,Central,3
17-068,U,Central,3
17-067,C,Central,2
17-067,C,Central,2
17-067,C,Central,2
17-069,C,Central,3
17-069,C,Central,3
17-069,C,Central,3
17-069,C,Central,3
17-069,F,Central,3
18-017,C,Central,3
18-017,C,Central,3
18-017,C,Central,2
18-018,C,Central,2
18-018,C,Central,2
18-018,C,Central,2
18-018,C,Central,2
18-018,C,Central,2
18-018,F,Central,1
18-018,F,Central,2
18-018,L,Central,2
18-018,L,Central,2
18-018,L,Central,2
18-018,L,Central,3
18-019,C,Central,2
18-019,C,Central,2
18-019,C,Central,3
18-019,C,Central,4
18-019,C,Central,3
18-019,C,Central,3
18-019,F,Central,3
18-019,F,Central,3
18-019,L,Central,2
18-019,L,Central,3
18-019,L,Central,2
18-023,C,Central,4
18-023,C,Central,4
18-023,U,Central,3
18-033,C,Central,4
18-033,F,Central,4
18-033,U,Central,3
18-024,C,Central,2
18-024,C,Central,1
18-024,C,Central,2
18-024,C,Central,2
18-024,C,Central,2
18-024,C,Central,2
18-024,C,Central,2
18-024,F,Central,2
18-024,L,Central,3
18-024,L,Central,2
18-024,L,Central,3
18-034,C,Central,3
18-034,C,Central,3
18-034,F,Central,3
18-026,C,Central,2
18-026,C,Central,2
18-026,L,Central,0
18-026,L,Central,1
18-027,C,Central,3
18-027,C,Central,2
18-027,C,Central,3
18-027,F,Central,3
18-037,C,Central,3
18-037,F,Central,3
18-029,C,Central,2
18-029,C,Central,4
18-029,F,Central,1
18-029,F,Central,2
18-029,L,Central,3
18-039,C,Central,4
18-039,C,Central,3
18-039,C,Central,3
18-039,F,Central,3
18-039,F,Central,3
18-042,C,Central,3
18-042,F,Central,3
18-030,C,Central,1
18-030,C,Central,2
18-030,F,Central,1
18-031,C,Central,1
18-031,C,Central,2
18-031,C,Central,1
18-031,F,Central,1
18-032,C,Central,1
18-032,C,Central,2
18-032,C,Central,1
18-032,C,Central,1
18-032,L,Central,1
18-070,C,Central,3
18-070,U,Central,3
18-043,C,Central,2
18-043,L,Central,1
18-043,L,Central,2
18-069a,F,Central,3
18-069a,L,Central,2
18-071,C,Central,3
18-071,F,Central,2
18-071,F,Central,2
18-069b,C,Central,2
18-069b,F,Central,2
18-069b,L,Central,1
18-048,F,Central,3
18-049e,F,Central,3
18-049a,F,Central,2
18-049a,F,Central,3
18-049a,F,Central,3
18-084a,C,Central,3
18-084a,F,Central,3
18-077,C,Central,3
18-077,C,Central,2
18-077,C,Central,3
18-077,F,Central,2
18-077,L,Central,4
18-075,C,Central,2
18-075,C,Central,3
18-075,C,Central,3
18-075,C,Central,2
18-075,F,Central,2
18-075,F,Central,1
18-049b,F,Central,3
18-084b,F,Central,3
18-084b,F,Central,3
18-086,C,Central,2
18-086,C,Central,3
18-086,F,Central,2
18-085a,C,Central,3
18-085a,C,Central,3
18-085a,C,Central,4
18-049c,F,Central,2
18-049c,F,Central,2
18-078,C,Central,2
18-078,C,Central,2
18-078,C,Central,3
18-078,C,Central,2
18-078,F,Central,2
18-078,F,Central,2
18-054f,F,Central,3
18-054e,C,Central,4
18-054e,F,Central,4
18-054e,U,Central,4
18-054d,C,Central,4
18-054d,U,Central,4
18-054b,F,Central,1
18-054b,F,Central,2
18-054b,F,Central,2
18-054b,F,Central,2
18-054b,F,Central,3
18-091,L,Central,2
18-096,C,Central,2
18-096,C,Central,2
18-096,C,Central,1
18-096,C,Central,2
18-096,F,Central,1
18-096,F,Central,1
18-065,F,Central,2
18-065,F,Central,2
18-099,C,Central,3
18-099,C,Central,4
18-099,C,Central,2
18-099,L,Central,2
18-100b,F,Central,1
18-101,C,Central,3
18-101,C,Central,1
18-101,C,Central,2
18-101,C,Central,3
18-101,L,Central,2
18-101,L,Central,2
18-101,L,Central,2
18-103,F,Central,2
18-100a,C,Central,1
18-100a,F,Central,1
18-100a,L,Central,1
18-115,C,Central,2
18-115,F,Central,2
18-115,F,Central,3
18-105a,C,Central,3
18-105a,C,Central,4
18-105a,F,Central,3
18-105b,C,Central,3
18-105b,C,Central,4
18-105b,L,Central,2
18-106,C,Central,1
18-106,C,Central,2
18-106,F,Central,0
18-118,C,Central,3
18-118,C,Central,3
18-118,C,Central,3
18-120,C,Central,3
18-120,C,Central,3
18-120,C,Central,3
18-120,C,Central,4
18-120,F,Central,3
19-024,C,South,4
19-024,C,South,3
19-024,C,South,3
19-024,F,South,3
19-024,L,South,3
19-024,L,South,3
19-049,C,South,1
19-049,C,South,3
19-049,C,South,3
19-019,C,South,1
19-019,C,South,2
19-019,F,South,2
19-019,F,South,2
19-019,L,South,2
19-050,C,South,2
19-050,C,South,3
19-050,C,South,3
19-050,F,South,2
19-050,U,South,2
19-051,C,South,3
19-051,C,South,3
19-051,C,South,2
19-051,L,South,3
19-009g,F,South,2
19-009j,U,South,3
19-038f,C,South,3
19-038f,F,South,3
19-038f,L,South,2
19-009a,C,South,2
19-038b,C,South,1
19-038b,C,South,2
19-038b,C,South,3
19-038b,C,South,3
19-038b,C,South,4
19-038b,C,South,2
19-038b,F,South,2
19-038b,F,South,3
19-038b,L,South,3
19-038b,U,South,3
19-059,C,South,2
19-059,F,South,2
19-038a,C,South,2
19-038a,F,South,2
19-043,C,South,2
19-043,C,South,3
19-043,C,South,3
19-043,C,South,4
19-043,C,South,4
19-043,C,South,4
19-043,F,South,2
19-043,F,South,2
19-043,F,South,3
19-043,F,South,3
19-054,C,South,3
19-054,C,South,3
19-054,C,South,4
19-054,C,South,4
19-054,L,South,2
19-061,C,South,3
19-061,C,South,2
19-061,C,South,3
19-061,L,South,1
19-061,L,South,1
19-063a,C,South,2
19-063a,C,South,3
19-063a,C,South,3
19-063a,F,South,3
19-063a,F,South,3
19-063a,F,South,3
19-045,C,South,2
19-045,C,South,3
19-045,C,South,3
19-045,C,South,3
19-045,C,South,3
19-045,C,South,3
19-045,F,South,1
19-045,F,South,3
19-045,F,South,3
19-045,F,South,3
19-045,F,South,3
19-045,L,South,1
19-045,L,South,1
19-045,U,South,3
19-045,U,South,3
19-081,C,South,3
19-081,C,South,3
19-081,F,South,3
19-081,F,South,4
19-065,C,South,1
19-065,C,South,2
19-065,C,South,3
19-065,C,South,3
19-065,F,South,2
19-065,F,South,3
19-082,C,South,2
19-082,C,South,2
19-082,L,South,1
19-082,U,South,2
19-091,C,South,2
19-091,F,South,1
19-091,F,South,2
19-066,C,South,2
19-066,F,South,2
19-066,F,South,2
19-067,C,South,2
19-067,C,South,3
19-072a,F,South,1
19-072a,F,South,1
19-072a,F,South,2
19-072a,F,South,2
19-072a,L,South,1
19-072a,L,South,1
19-048,C,South,0
19-048,C,South,1
19-048,C,South,1
19-048,C,South,2
19-048,C,South,2
19-048,C,South,2
19-048,C,South,3
19-048,F,South,2
19-048,F,South,2
19-048,F,South,2
19-048,L,South,1
19-071,C,South,2
19-071,C,South,2
19-071,C,South,1
19-071,F,South,2
19-071,F,South,2
19-071,F,South,2
19-071,L,South,1
19-074b,C,South,2
19-074b,C,South,2
19-074b,C,South,2
19-074b,F,South,2
19-074b,F,South,2
19-096,C,South,2
19-096,C,South,3
19-096,C,South,3
19-096,F,South,2
19-096,L,South,2
19-072e,C,South,2
19-072e,C,South,3
19-072e,F,South,2
19-072e,F,South,3
19-072e,L,South,1
19-072e,L,South,1
19-072b,C,South,2
19-072b,C,South,2
19-072b,C,South,2
19-072b,F,South,2
19-099,C,South,1
19-099,C,South,2
19-099,C,South,1
19-099,F,South,1
19-076,C,South,3
19-076,C,South,2
19-076,C,South,2
19-076,L,South,3
19-076,L,South,2
19-076,L,South,2
19-097,C,South,1
19-097,C,South,2
19-097,C,South,3
19-097,C,South,3
19-097,F,South,3
19-097,L,South,2
19-097,L,South,2
19-097,L,South,2
19-098,C,South,2
19-098,C,South,2
19-139,C,South,3
19-139,C,South,2
19-107,C,South,2
19-107,C,South,2
19-107,C,South,2
19-113,C,South,3
19-113,C,South,2
19-113,C,South,2
19-116,C,South,3
19-116,F,South,2
19-116,F,South,3
19-116,F,South,3
19-116,L,South,1
19-116,L,South,2
19-116,L,South,2
19-109a,C,South,2
19-109a,C,South,3
19-109a,F,South,1
19-109a,L,South,1
19-114,C,South,2
19-141,C,South,2
19-141,C,South,2
19-141,C,South,2
19-141,F,South,3
19-141,F,South,1
19-141,F,South,2
19-141,L,South,1
19-141,L,South,1
19-141,L,South,1
19-123,C,South,2
19-123,F,South,2
19-123,L,South,2
19-146,C,South,2
19-146,C,South,2
19-146,F,South,1
19-151,C,South,1
19-151,C,South,2
19-151,C,South,2
19-151,F,South,1
19-151,F,South,1
19-151,F,South,2
19-151,F,South,1
19-151,L,South,1
19-151,L,South,1
19-147,C,South,2
19-147,C,South,2
19-147,C,South,1
19-147,F,South,1
19-147,F,South,2
19-147,L,South,0
19-147,L,South,1
19-152,C,South,0
19-152,C,South,1
19-152,C,South,1
19-152,F,South,1
19-152,F,South,2
19-159,C,South,1
19-159,F,South,1
19-157,C,South,2
19-157,C,South,2
19-157,C,South,2
19-128,C,South,2
19-128,C,South,2
19-128,C,South,3
19-128,C,South,3
19-128,F,South,1
19-128,F,South,2
19-128,F,South,2
19-128,F,South,2
19-128,L,South,2
19-128,L,South,2
19-167,C,South,1
19-167,F,South,0
19-167,F,South,0
19-127,C,South,2
19-127,C,South,2
19-127,C,South,2
19-127,C,South,2
19-127,C,South,3
19-127,C,South,3
19-127,F,South,2
19-127,F,South,3
19-127,L,South,0
19-127,L,South,1
19-127,L,South,1
19-127,L,South,1
19-127,L,South,1
19-127,L,South,2
19-206,C,South,1
19-206,C,South,0
19-206,C,South,1
19-206,C,South,0
19-206,L,South,0
19-168,C,South,2
19-168,C,South,3
19-168,F,South,3
19-169,C,South,2
19-169,C,South,2
19-169,C,South,3
19-134,C,South,2
19-134,C,South,2
19-134,C,South,3
19-134,F,South,1
19-134,F,South,1
19-134,F,South,2
19-134,F,South,2
19-134,L,South,1
19-134,L,South,2
19-134,L,South,2
19-134,L,South,2
19-129,C,South,1
19-129,C,South,2
19-129,C,South,2
19-129,F,South,2
19-207,C,South,2
19-207,C,South,2
19-207,C,South,1
19-207,C,South,2
19-207,C,South,2
19-207,F,South,1
19-207,L,South,2
19-135,C,South,1
19-135,C,South,2
19-135,C,South,2
19-135,L,South,2
19-135,L,South,1
19-187,C,South,1
19-187,C,South,2
19-187,C,South,2
19-187,C,South,1
19-187,C,South,1
19-187,C,South,2
19-187,C,South,3
19-187,F,South,1
19-187,F,South,2
19-187,L,South,1
19-208,C,South,1
19-208,C,South,1
19-208,C,South,1
19-208,C,South,2
19-136a,C,South,1
19-136a,C,South,2
19-136a,C,South,3
19-136a,C,South,2
19-136a,C,South,2
19-136a,C,South,3
19-209,C,South,1
19-209,C,South,1
19-209,C,South,1
19-209,F,South,1
19-209,L,South,0
19-209,L,South,1
19-246,C,South,1
19-246,C,South,2
19-246,C,South,1
19-246,F,South,3
19-246,F,South,2
19-246,L,South,2
19-212,C,South,1
19-212,C,South,1
19-212,C,South,2
19-212,U,South,2
19-214,C,South,1
19-214,C,South,1
19-214,C,South,1
19-214,C,South,2
19-214,F,South,0
19-214,L,South,2
19-197,C,South,2
19-197,C,South,1
19-197,F,South,0
19-197,F,South,0
19-197,L,South,2
19-197,L,South,2
19-216,C,South,1
19-216,F,South,1
19-216,L,South,1
19-220,C,South,0
19-220,C,South,1
19-220,C,South,0
19-220,C,South,1
19-220,F,South,0
19-221,C,South,1
19-221,C,South,1
19-221,F,South,0
19-222,C,South,2
19-222,C,South,1
19-222,F,South,2
19-225,C,South,1
19-225,C,South,2
19-225,C,South,2
19-225,C,South,2
19-225,F,South,1
19-225,L,South,1
19-225,L,South,1
19-204,C,South,2
19-204,C,South,2
19-204,L,South,1
19-227,C,South,1
19-227,F,South,1
20-115,C,South,0
20-115,C,South,1
20-115,C,South,0
20-115,F,South,0
20-115,L,South,1
20-115,L,South,1
20-104,C,South,1
20-104,C,South,1
20-104,F,South,1
20-104,L,South,1
20-014,C,South,1
20-014,C,South,2
20-014,C,South,1
20-014,U,South,1
20-028h,U,South,2
20-028h,U,South,3
20-105,C,South,0
20-105,C,South,2
20-105,F,South,0
20-105,L,South,0
20-105,L,South,0
20-105,L,South,0
20-105,U,South,1
20-017,C,South,2
20-121,C,South,1
20-121,F,South,1
20-119,C,South,2
20-119,C,South,0
20-119,C,South,1
20-119,C,South,1
20-119,C,South,1
20-119,F,South,0
20-119,F,South,2
20-119,F,South,1
20-119,F,South,1
20-119,F,South,1
20-119,F,South,2
20-119,L,South,1
20-119,L,South,0
20-119,L,South,0
20-119,L,South,0
20-127,C,South,1
20-127,C,South,1
20-127,C,South,0
20-127,C,South,1
20-127,C,South,1
20-127,C,South,1
20-127,F,South,0
20-127,F,South,1
20-127,F,South,0
20-127,F,South,0
20-127,F,South,0
20-128,F,South,2
20-128,L,South,1
20-128,L,South,1
20-125,C,South,1
20-125,C,South,1
20-125,C,South,1
20-125,F,South,1
20-125,L,South,1
20-112,C,South,1
20-112,C,South,1
20-112,C,South,2
20-112,C,South,2
20-112,C,South,2
20-112,F,South,1
20-112,F,South,2
20-112,F,South,2
20-112,F,South,2
20-112,L,South,1
20-112,L,South,1
20-131,C,South,0
20-131,C,South,1
20-131,C,South,0
20-131,C,South,1
20-131,L,South,1
20-126,C,South,1
20-126,C,South,1
20-126,F,South,0
20-126,L,South,0
20-126,L,South,0
20-129,C,South,1
20-129,F,South,0
20-129,F,South,0
20-129,F,South,1
20-129,L,South,0
20-129,L,South,1
20-132,C,South,0
20-132,C,South,1
20-132,C,South,1
20-132,C,South,1
20-132,F,South,1
20-132,F,South,1
20-132,L,South,1
20-132,L,South,0
20-132,L,South,0
20-167,C,South,1
20-167,C,South,0
20-167,F,South,1
20-167,F,South,1
20-167,L,South,1
20-078a,C,South,2
20-172,C,South,0
20-172,C,South,0
20-172,C,South,0
20-172,F,South,0
20-172,F,South,1
20-172,L,South,0
20-172,L,South,0
20-172,L,South,0
20-134,C,South,0
20-134,C,South,1
20-134,F,South,0
20-134,L,South,0
20-134,L,South,1
20-179,C,South,0
20-179,C,South,0
20-179,C,South,0
20-179,F,South,0
20-179,L,South,0
20-179,L,South,0
20-182,C,South,0
20-182,C,South,1
20-182,C,South,0
20-182,F,South,0
20-182,U,South,1
20-138,C,South,0
20-138,C,South,0
20-138,F,South,0
20-138,F,South,0
20-138,F,South,0
20-138,L,South,0
20-138,U,South,1
20-135,C,South,0
20-135,C,South,0
20-135,L,South,0
20-137,C,South,0
20-137,F,South,0
20-137,L,South,0
20-136,C,South,1
20-136,C,South,0
20-136,C,South,1
20-136,F,South,0
20-136,L,South,0
20-136,L,South,0
20-185c,C,South,1
20-185c,C,South,0
20-185c,C,South,1
20-185c,C,South,1
20-185c,F,South,1
20-185c,L,South,0
20-185c,L,South,0
20-185c,L,South,0
20-185c,L,South,0
20-185a,C,South,1
20-186,C,South,1
20-186,C,South,0
20-186,F,South,1
20-187,C,South,1
20-187,C,South,1
20-187,C,South,0
20-187,C,South,1
20-187,F,South,1
20-187,F,South,1
20-187,L,South,1
20-194a,C,South,1
20-194a,C,South,1
20-194a,F,South,1
20-194a,L,South,0
20-197,C,South,0
20-197,C,South,0
20-197,F,South,0
20-197,L,South,0
20-474,C,South,0
20-474,C,South,1
20-474,C,South,1
20-474,L,South,0
20-470,C,South,1
20-469,C,South,0
20-469,C,South,1
20-469,C,South,1
20-469,C,South,1
20-469,F,South,1
20-469,L,South,1
20-469,L,South,1
20-469,L,South,1
20-469,L,South,1
20-469,L,South,0
20-469,L,South,0
20-469,L,South,1
20-469,L,South,2
20-296,C,South,1
20-296,C,South,1
20-296,F,South,0
20-296,F,South,0
20-295,F,South,0
20-295,F,South,0
20-295,F,South,1
20-295,L,South,0
20-295,L,South,0
20-295,L,South,0
20-322,C,South,1
20-322,C,South,1
20-324,C,South,0
20-324,C,South,0
20-324,C,South,0
20-324,F,South,0
20-324,F,South,0
20-324,L,South,0
20-298,C,South,0
20-298,C,South,0
20-298,C,South,0
20-298,F,South,0
20-299a,F,South,0
20-299a,L,South,0
20-326,C,South,0
20-326,C,South,0
20-326,C,South,1
20-326,F,South,0
20-326,F,South,1
20-326,L,South,0
20-326,L,South,1
20-326,L,South,1
20-326,L,South,1
20-299c,C,South,0
20-299c,L,South,0
20-299c,L,South,2
20-299c,L,South,0
20-301b,C,South,0
20-301b,C,South,0
20-301b,F,South,0
20-335,C,South,1
20-335,C,South,1
20-335,C,South,1
20-335,C,South,1
20-335,F,South,0
20-335,F,South,0
20-335,F,South,0
20-335,F,South,1
20-335,L,South,0
20-335,L,South,1
20-335,L,South,1
20-335,L,South,0
20-335,L,South,0
20-335,L,South,0
20-301a,C,South,0
20-301a,C,South,0
20-301a,C,South,0
20-301a,C,South,0
20-301a,F,South,0
20-301a,F,South,0
20-301a,U,South,0
20-302,F,South,0
20-302,F,South,0
20-339b,C,South,1
20-339b,C,South,0
20-339b,F,South,1
20-339b,F,South,1
20-339b,L,South,0
20-339b,L,South,0
20-304,L,South,0
20-339a,C,South,0
20-339a,C,South,1
20-369a,C,South,0
20-369a,C,South,0
20-369a,C,South,1
20-369a,F,South,1
20-369a,F,South,0
20-369a,L,South,1
20-369a,L,South,1
20-369a,L,South,0
20-369a,L,South,0
20-369a,L,South,0
20-269,C,South,2
20-305,F,South,1
20-305,F,South,1
20-305,L,South,1
20-306,C,South,0
20-306,C,South,0
20-306,L,South,0
20-370a,C,South,1
20-370a,C,South,1
20-370a,C,South,1
20-370a,C,South,0
20-370a,F,South,0
20-370a,F,South,1
20-370a,L,South,0
20-370a,L,South,1
20-370a,L,South,0
20-370a,L,South,1
20-307,C,South,0
20-307,F,South,0
20-377,C,South,0
20-377,F,South,2
20-377,F,South,2
20-377,L,South,0
20-377,L,South,1
20-308,C,South,1
20-308,F,South,0
20-308,F,South,1
20-378a,C,South,0
20-378a,C,South,0
20-378a,C,South,1
20-378a,C,South,1
20-370b,C,South,1
20-370b,C,South,1
20-382,C,South,1
20-382,C,South,0
20-382,L,South,0
20-382,L,South,1
20-382,L,South,0
20-382,L,South,0
20-348,C,South,0
20-348,F,South,0
20-348,L,South,0
20-348,L,South,0
20-348,L,South,1
20-380,C,South,0
20-380,C,South,0
20-380,C,South,0
20-380,F,South,0
20-383,C,South,0
20-383,C,South,0
20-383,C,South,0
20-383,F,South,0
20-383,L,South,1
20-383,U,South,1
20-385,C,South,0
20-385,C,South,0
20-385,C,South,1
20-385,F,South,0
20-385,F,South,0
20-385,L,South,0
20-385,L,South,0
20-385,U,South,0
20-291,C,South,2
20-291,C,South,1
20-568,C,South,0
20-568,C,South,0
20-568,C,South,0
20-568,F,South,0
20-568,L,South,0
20-568,L,South,0
20-388a,C,South,0
20-388a,C,South,1
20-388a,F,South,0
20-388a,L,South,0
20-388a,L,South,0
20-386,C,South,0
20-386,C,South,0
20-386,C,South,1
20-386,C,South,2
20-386,F,South,0
20-386,L,South,0
20-386,U,South,1
20-353,C,South,0
20-353,C,South,0
20-353,F,South,0
20-389,C,South,0
20-389,C,South,0
20-389,C,South,1
20-389,L,South,0
20-389,L,South,0
20-389,L,South,0
20-389,L,South,0
20-389,L,South,2
20-292,C,South,2
20-391,C,South,2
20-391,C,South,0
20-391,L,South,0
20-391,L,South,0
20-391,L,South,1
21-092,C,South,0
21-092,C,South,0
21-092,C,South,0
21-092,F,South,0
21-092,L,South,0
21-092,L,South,0
21-101,C,South,1
21-101,C,South,1
21-101,F,South,1
21-101,F,South,1
21-101,F,South,1
21-101,L,South,0
21-101,L,South,0
21-101,L,South,0
21-025,U,South,1
21-025,U,South,1
21-025,U,South,2
21-591,C,South,1
21-591,C,South,2
21-591,F,South,1
21-591,U,South,1
21-093,C,South,0
21-093,C,South,1
21-093,C,South,1
21-093,F,South,1
21-062,C,South,0
21-062,F,South,0
21-062,F,South,0
21-094,C,South,1
21-094,C,South,1
21-094,C,South,1
21-094,C,South,1
21-094,F,South,0
21-094,L,South,0
21-094,L,South,0
21-143,C,South,0
21-143,C,South,1
21-143,C,South,0
21-143,C,South,1
21-091,C,South,0
21-091,C,South,1
21-091,C,South,1
21-091,C,South,1
21-091,F,South,1
21-144,C,South,2
21-144,F,South,0
21-144,F,South,0
21-144,F,South,1
21-061,C,South,1
21-061,C,South,1
21-061,F,South,0
21-061,F,South,0
21-061,L,South,0
21-064,C,South,0
21-064,C,South,1
21-064,F,South,1
21-064,L,South,0
21-145a,C,South,1
21-145a,C,South,0
21-145a,F,South,1
21-145a,F,South,1
21-145a,F,South,3
21-145a,L,South,1
21-145a,L,South,0
21-145a,L,South,0
21-145a,L,South,0
21-054,C,South,2
21-054,C,South,2
21-054,C,South,2
21-054,F,South,2
21-147,C,South,0
21-147,C,South,1
21-147,F,South,0
21-147,F,South,0
21-147,L,South,0
21-147,L,South,0
21-147,L,South,0
21-147,L,South,0
21-147,L,South,1
21-100,C,South,1
21-100,U,South,1
21-100,U,South,1
21-065,C,South,0
21-065,F,South,0
21-065,L,South,0
21-065,L,South,1
21-146,C,South,0
21-146,F,South,0
21-056b,C,South,1
21-056b,F,South,1
21-056b,U,South,2
21-056b,U,South,2
21-148,C,South,1
21-148,F,South,0
21-148,L,South,0
21-149,C,South,0
21-149,F,South,0
21-149,F,South,0
21-149,L,South,0
21-150,C,South,1
21-150,C,South,0
21-150,F,South,0
21-150,F,South,0
21-150,L,South,0
21-151,C,South,0
21-151,C,South,0
21-151,F,South,0
21-151,L,South,0
21-152,C,South,0
21-152,C,South,0
21-152,F,South,0
21-057,C,South,2
21-057,F,South,0
21-057,F,South,1
21-057,F,South,0
21-057,L,South,0
21-109,C,South,2
21-109,L,South,1
21-109,L,South,1
21-109,U,South,1
21-109,U,South,2
21-068,C,South,1
21-068,C,South,1
21-068,C,South,1
21-068,C,South,0
21-068,F,South,0
21-068,L,South,0
21-070,C,South,2
21-070,C,South,2
21-070,C,South,0
21-070,C,South,0
21-071,C,South,1
21-071,C,South,1
21-071,C,South,0
21-071,F,South,0
21-071,F,South,0
21-157,C,South,0
21-157,C,South,0
21-157,L,South,0
21-158,C,South,0
21-158,L,South,0
21-158,L,South,0
21-074,C,South,1
21-074,F,South,0
21-074,L,South,0
21-074,U,South,2
21-159,C,South,0
21-159,C,South,1
21-159,C,South,1
21-159,C,South,1
21-159,F,South,0
21-159,L,South,0
21-072,C,South,1
21-072,F,South,1
21-072,L,South,0
21-072,L,South,0
21-072,L,South,1
21-072,L,South,0
21-072,L,South,0
21-072,L,South,1
21-072,L,South,0
21-072,L,South,0
21-072,U,South,2
21-115,C,South,1
21-115,C,South,1
21-115,C,South,2
21-115,C,South,1
21-115,C,South,2
21-115,F,South,1
21-115,L,South,1
21-115,L,South,1
21-161,C,South,0
21-161,C,South,0
21-161,C,South,0
21-161,F,South,0
21-161,F,South,0
21-161,U,South,1
21-289a,C,South,2
21-289a,C,South,2
21-289a,C,South,2
21-289a,C,South,2
21-289a,C,South,1
21-289a,F,South,2
21-289a,U,South,1
21-076,C,South,1
21-076,C,South,1
21-076,C,South,1
21-076,C,South,2
21-076,F,South,1
21-076,F,South,0
21-076,L,South,0
21-165,C,South,0
21-165,F,South,0
21-290,C,South,0
21-290,C,South,2
21-290,C,South,2
21-290,L,South,1
21-290,L,South,2
21-116,C,South,1
21-116,L,South,0
21-116,L,South,0
21-116,U,South,2
21-116,U,South,2
21-236,C,South,1
21-236,C,South,1
21-236,C,South,1
21-236,C,South,1
21-236,C,South,1
21-236,C,South,1
21-236,L,South,0
21-236,L,South,1
21-236,U,South,2
21-081,C,South,0
21-081,C,South,0
21-081,L,South,0
21-081,L,South,1
21-238,C,South,1
21-238,C,South,1
21-238,C,South,0
21-238,C,South,0
21-238,C,South,1
21-238,C,South,1
21-238,C,South,1
21-238,F,South,1
21-238,L,South,0
21-238,U,South,1
21-237,C,South,2
21-237,C,South,0
21-237,C,South,1
21-237,F,South,2
21-172,C,South,0
21-172,C,South,1
21-172,F,South,0
21-172,F,South,0
21-082,C,South,0
21-082,C,South,1
21-082,F,South,0
21-082,U,South,2
21-241,C,South,0
21-241,C,South,0
21-241,C,South,0
21-241,C,South,0
21-241,C,South,1
21-241,F,South,0
21-241,L,South,0
21-241,L,South,1
21-294,C,South,2
21-294,F,South,1
21-294,F,South,2
21-294,L,South,1
21-294,U,South,1
21-242a,C,South,0
21-242a,C,South,0
21-242a,C,South,1
21-242a,C,South,1
21-242a,C,South,1
21-242a,C,South,1
21-242a,F,South,0
21-242a,L,South,0
21-295,C,South,1
21-295,F,South,1
21-295,F,South,1
21-295,F,South,2
21-295,L,South,0
21-128,C,South,2
21-128,C,South,2
21-128,C,South,1
21-128,F,South,2
21-128,L,South,2
21-128,L,South,2
21-128,U,South,2
21-086,C,South,0
21-086,C,South,2
21-086,C,South,2
21-086,C,South,1
21-086,C,South,1
21-086,F,South,0
21-086,F,South,1
21-086,F,South,1
21-086,F,South,2
21-086,F,South,3
21-086,F,South,3
21-086,L,South,0
21-086,U,South,1
21-086,U,South,2
21-247,C,South,1
21-247,C,South,1
21-247,C,South,0
21-247,F,South,0
21-247,L,South,0
21-296,C,South,2
21-296,F,South,1
21-296,F,South,2
21-296,F,South,2
21-296,U,South,1
21-180,C,South,0
21-180,F,South,0
21-180,L,South,0
21-129,C,South,2
21-129,L,South,1
21-129,L,South,1
21-129,L,South,1
21-129,U,South,2
21-129,U,South,1
21-135,C,South,1
21-135,C,South,2
21-135,L,South,0
21-135,L,South,1
21-135,U,South,2
21-131,C,South,1
21-131,C,South,1
21-131,U,South,1
21-181,C,South,0
21-181,C,South,0
21-181,F,South,0
21-181,F,South,0
21-181,L,South,0
21-258,C,South,1
21-258,C,South,2
21-258,C,South,0
21-258,C,South,2
21-258,F,South,0
21-258,L,South,0
21-258,U,South,2
21-133,C,South,2
21-133,L,South,2
21-133,U,South,1
21-299,C,South,2
21-299,C,South,1
21-299,F,South,1
21-299,F,South,1
21-299,L,South,0
21-299,L,South,1
21-087,C,South,2
21-087,C,South,1
21-087,F,South,1
21-087,F,South,2
21-087,F,South,0
21-087,F,South,0
21-087,F,South,0
21-087,F,South,0
21-087,F,South,0
21-087,F,South,1
21-087,F,South,1
21-087,U,South,1
21-087,U,South,2
21-136,C,South,1
21-136,F,South,1
21-136,U,South,2
21-134,L,South,0
21-134,L,South,1
21-134,L,South,2
21-134,U,South,2
21-134,U,South,2
21-300a,F,South,1
21-300a,L,South,1
21-300a,U,South,1
21-132,C,South,2
21-132,L,South,1
21-132,L,South,1
21-132,U,South,1
21-132,U,South,2
21-185,C,South,0
21-185,C,South,0
21-185,C,South,0
21-185,F,South,0
21-185,F,South,0
21-263,C,South,1
21-263,C,South,1
21-263,C,South,1
21-263,C,South,1
21-263,F,South,0
21-263,L,South,0
21-263,U,South,2
21-303,C,South,0
21-303,C,South,1
21-303,F,South,1
21-139,C,South,1
21-139,C,South,1
21-139,C,South,0
21-139,L,South,0
21-304,C,South,0
21-304,C,South,0
21-304,U,South,2
21-304,U,South,2
21-050,F,South,2
21-306,C,South,1
21-306,F,South,1
21-306,F,South,1
21-470,C,South,1
21-470,C,South,0
21-470,C,South,0
21-470,F,South,1
21-470,U,South,2
21-386,C,South,2
21-386,C,South,2
21-474,L,South,0
21-474,L,South,0
21-474,U,South,1
21-474,U,South,2
21-433,C,South,2
21-433,C,South,1
21-433,C,South,2
21-479,C,South,0
21-479,F,South,0
21-479,L,South,0
21-479,U,South,1
21-334,F,South,3
21-491,C,South,1
21-491,C,South,1
21-491,C,South,0
21-491,C,South,0
21-491,F,South,0
21-491,L,South,0
21-491,L,South,0
21-449,C,South,1
21-449,C,South,2
21-449,C,South,1
21-449,F,South,1
21-449,L,South,1
21-449,L,South,1
21-449,U,South,1
21-450,C,South,1
21-450,F,South,0
21-450,F,South,1
21-450,F,South,1
21-450,L,South,1
21-450,U,South,1
21-496,C,South,0
21-496,L,South,0
21-496,U,South,2
21-453,C,South,1
21-453,C,South,1
21-453,C,South,2
21-453,U,South,2
21-560,C,South,1
21-560,F,South,0
21-560,L,South,0
21-560,U,South,2
21-560,U,South,1
21-560,U,South,2
21-394,C,South,3
21-394,U,South,2
21-394,U,South,2
21-460,C,South,1
21-460,C,South,2
21-460,L,South,1
21-460,L,South,1
21-460,U,South,1
21-562,C,South,1
21-562,C,South,1
21-562,L,South,1
21-562,L,South,0
21-562,L,South,0
21-562,U,South,1
21-403b,C,South,3
21-403b,F,South,2
21-464,C,South,2
21-464,C,South,2
21-464,C,South,1
21-464,C,South,1
21-464,L,South,1
21-464,L,South,0
21-464,L,South,0
21-464,U,South,1
21-565,C,South,1
21-565,F,South,0
21-565,L,South,0
21-565,L,South,0
21-565,L,South,1
21-465,C,South,1
21-465,C,South,1
21-465,C,South,2
21-465,L,South,0
21-465,L,South,1
21-465,L,South,1
21-465,U,South,1
21-566,C,South,1
21-566,C,South,0
21-566,C,South,1
21-566,F,South,0
21-566,L,South,0
21-566,L,South,0
21-526,C,South,1
21-526,C,South,1
21-526,C,South,1
21-526,F,South,0
21-526,L,South,1
21-526,U,South,1
21-466,C,South,1
21-466,C,South,2
21-466,C,South,2
21-466,C,South,2
21-466,L,South,0
21-466,L,South,0
21-466,U,South,1
21-570,C,South,1
21-570,C,South,1
21-570,C,South,1
21-570,F,South,1
21-570,L,South,0
21-530,C,South,1
21-530,C,South,2
21-530,C,South,0
21-530,U,South,1
21-761,C,South,3
21-761,U,South,2
21-532,C,South,1
21-532,C,South,2
21-532,C,South,2
21-532,F,South,2
21-531,C,South,1
21-531,C,South,1
21-531,C,South,1
21-531,L,South,1
21-529,C,South,0
21-529,C,South,1
21-529,C,South,1
21-529,L,South,0
21-529,U,South,1
21-538,C,South,1
21-538,C,South,1
21-538,C,South,1
21-538,F,South,2
21-538,L,South,2
21-538,L,South,1
21-538,U,South,1
21-467,C,South,1
21-467,C,South,1
21-467,F,South,1
21-467,L,South,0
21-467,L,South,0
21-467,L,South,1
21-575,C,South,1
21-575,C,South,1
21-575,F,South,0
21-540,C,South,1
21-540,C,South,1
21-540,C,South,2
21-540,L,South,1
21-540,L,South,1
21-540,U,South,1
21-540,U,South,1
21-579,C,South,1
21-579,C,South,1
21-579,F,South,1
21-579,F,South,1
21-579,U,South,1
21-544,C,South,2
21-544,C,South,2
21-544,C,South,1
21-544,C,South,1
21-544,L,South,1
21-544,U,South,1
21-546,C,South,1
21-546,C,South,1
21-546,C,South,2
21-546,C,South,2
21-546,L,South,0
21-546,L,South,1
21-582,C,South,1
21-582,F,South,0
21-582,L,South,0
21-582,L,South,0
21-551,C,South,2
21-551,C,South,2
21-551,C,South,2
21-551,L,South,0
21-551,L,South,1
21-551,L,South,2
21-551,U,South,2
21-551,U,South,1
21-586,C,South,1
21-586,C,South,2
21-586,C,South,2
21-586,F,South,0
21-586,L,South,0
21-586,U,South,1
21-586,U,South,1
21-556,C,South,1
21-556,C,South,2
21-556,C,South,1
21-556,U,South,1
21-556,U,South,1
22-084,C,South,1
22-084,C,South,1
22-084,C,South,1
22-084,C,South,1
22-084,U,South,1
22-103,F,South,1
22-086,C,South,1
22-086,C,South,1
22-086,C,South,1
22-090,C,South,0
22-090,L,South,1
22-106,C,South,0
22-106,F,South,1
22-106,U,South,1
22-092,C,South,1
22-092,C,South,2
22-092,F,South,1
22-116,C,South,1
22-116,F,South,1
22-116,U,South,1
22-093,C,South,0
22-093,C,South,1
22-093,C,South,1
22-093,C,South,1
22-093,F,South,0
22-093,U,South,2
22-115,C,South,1
22-115,C,South,1
22-115,C,South,1
22-115,L,South,0
22-115,L,South,0
22-115,U,South,1
22-121,C,South,1
22-121,C,South,1
22-122,C,South,1
22-122,C,South,1
22-122,C,South,1
22-123,C,South,1
22-123,C,South,1
22-123,C,South,1
22-123,C,South,2
22-123,F,South,0
22-124,L,South,1
22-124,L,South,1
22-124,U,South,1
22-125,C,South,0
22-125,C,South,1
22-125,U,South,2
22-131,C,South,1
22-131,C,South,0
22-131,U,South,1
22-129,C,South,2
22-129,F,South,1
22-129,F,South,1
22-133,C,South,2
22-133,L,South,0
22-134,C,South,1
22-134,C,South,1
22-134,F,South,1
22-134,U,South,1
22-139,C,South,0
22-139,C,South,0
22-139,C,South,1
22-139,L,South,1
22-140,C,South,1
22-140,C,South,1
22-140,L,South,0
22-142,C,South,2
22-142,F,South,1
22-142,U,South,1
22-141,C,South,1
22-141,C,South,1
22-141,C,South,1
22-141,L,South,0
22-143,C,South,0
22-143,C,South,1
22-143,L,South,0
22-143,L,South,1
22-144,C,South,0
22-144,C,South,0
22-144,F,South,1
22-144,L,South,0
22-144,L,South,0
